sheet,row,col,anim,cut_px,cut_side,edge_left,edge_right,edge_top,margin,top,bottom,left,right,height,centre_x,height_jump,centre_jump,same_as_prev,flags
frey_sheet.png,0,0,idle,0,-,5,11,2,7,21,120,18,104,100,63.7,0,0.0,false,
frey_sheet.png,0,1,idle,0,-,7,13,1,7,21,120,21,104,100,64.3,0,0.5,false,
frey_sheet.png,0,2,idle,0,-,5,16,2,7,21,120,22,105,100,64.3,0,0.1,false,box_right
frey_sheet.png,0,3,idle,0,-,6,10,2,7,21,120,20,106,100,65.3,0,0.9,false,
frey_sheet.png,1,0,walk,0,-,6,10,1,7,21,120,18,106,100,64.2,0,0.0,false,
frey_sheet.png,1,1,walk,0,-,5,12,2,7,21,120,20,106,100,64.7,0,0.5,false,
frey_sheet.png,1,2,walk,0,-,5,10,3,7,21,120,15,108,100,65.4,0,0.7,false,
frey_sheet.png,1,3,walk,0,-,5,15,2,7,21,120,20,105,100,64.7,0,0.7,false,
frey_sheet.png,1,4,walk,0,-,4,11,2,7,23,120,21,104,98,63.9,2,0.8,false,
frey_sheet.png,1,5,walk,0,-,5,13,1,7,21,120,20,104,100,64.2,2,0.3,false,
frey_sheet.png,2,0,jump,0,-,5,11,4,7,28,120,19,106,93,63.8,0,0.0,false,
frey_sheet.png,3,0,fall,0,-,6,10,2,7,32,120,21,107,89,64.2,0,0.0,false,
frey_sheet.png,4,0,attack,0,-,6,15,6,7,11,120,22,105,110,63.6,0,0.0,false,
frey_sheet.png,4,1,attack,0,-,4,9,3,7,16,120,19,105,105,64.4,5,0.8,false,
frey_sheet.png,4,2,attack,0,-,10,1,2,7,34,120,26,114,87,63.6,18,0.9,false,
frey_sheet.png,4,3,attack,0,-,1,57,2,7,30,120,27,90,91,64.4,4,0.8,false,box_right
frey_sheet.png,5,0,shield,15,bottom@121,5,16,1,6,28,121,19,104,94,63.5,0,0.0,false,cut box_right
frey_sheet.png,5,1,shield,0,-,6,20,3,7,27,120,17,106,94,63.6,0,0.1,false,box_right
frey_sheet.png,5,2,shield,0,-,6,16,2,7,32,120,18,104,89,63.7,5,0.2,false,box_right
frey_sheet.png,5,3,shield,0,-,6,13,1,7,27,120,21,104,94,63.6,5,0.1,false,
frey_sheet.png,5,4,shield,0,-,8,17,2,7,29,120,17,108,92,64.1,2,0.4,false,box_right
frey_sheet.png,5,5,shield,0,-,6,12,3,7,27,120,22,104,94,64.1,2,0.0,false,
frey_sheet.png,6,0,hurt,0,-,3,14,2,7,51,120,22,107,70,64.5,0,0.0,false,
yuki_sheet.png,0,0,idle,0,-,6,6,4,7,33,120,23,97,88,63.8,0,0.0,false,
yuki_sheet.png,0,1,idle,0,-,6,7,5,7,33,120,24,97,88,64.2,0,0.4,false,
yuki_sheet.png,0,2,idle,0,-,5,6,5,7,33,120,23,96,88,63.7,0,0.5,false,
yuki_sheet.png,0,3,idle,0,-,5,7,6,7,33,120,22,98,88,64.4,0,0.6,false,
yuki_sheet.png,1,0,walk,0,-,5,7,5,7,33,120,23,101,88,63.9,0,0.0,false,
yuki_sheet.png,1,1,walk,0,-,7,7,5,7,34,120,19,103,87,63.9,1,0.0,false,
yuki_sheet.png,1,2,walk,0,-,6,5,6,7,33,120,23,103,88,64.0,1,0.0,false,
yuki_sheet.png,1,3,walk,0,-,3,7,5,7,32,120,19,103,89,64.1,1,0.2,false,
yuki_sheet.png,1,4,walk,0,-,5,7,5,7,33,120,19,102,88,64.1,1,0.1,false,
yuki_sheet.png,1,5,walk,0,-,7,11,6,7,34,120,20,102,87,63.5,1,0.5,false,
yuki_sheet.png,2,0,jump,0,-,8,15,6,7,31,120,21,104,90,63.8,0,0.0,false,
yuki_sheet.png,3,0,fall,0,-,8,8,6,7,32,120,24,106,89,64.2,0,0.0,false,
yuki_sheet.png,4,0,attack,0,-,8,4,4,7,41,120,24,106,80,63.9,0,0.0,false,
yuki_sheet.png,4,1,attack,0,-,8,9,5,7,41,120,25,113,80,63.5,0,0.4,false,
yuki_sheet.png,4,2,attack,0,-,7,2,7,7,41,120,26,101,80,64.0,0,0.4,false,
yuki_sheet.png,4,3,attack,0,-,8,3,7,7,41,120,27,99,80,64.3,0,0.3,false,
yuki_sheet.png,5,0,shield,0,-,7,15,8,7,40,120,20,103,81,63.9,0,0.0,false,
yuki_sheet.png,5,1,shield,0,-,10,11,9,7,41,120,18,105,80,64.2,1,0.3,false,
yuki_sheet.png,5,2,shield,0,-,7,8,5,7,40,120,16,104,81,63.7,1,0.5,false,
yuki_sheet.png,5,3,shield,0,-,7,2,3,7,40,120,17,106,81,64.3,0,0.6,false,
yuki_sheet.png,5,4,shield,0,-,6,5,7,7,40,120,18,104,81,63.7,0,0.6,false,
yuki_sheet.png,5,5,shield,0,-,7,9,6,7,41,120,20,104,80,64.5,1,0.8,false,
yuki_sheet.png,6,0,hurt,0,-,11,2,4,7,45,120,24,105,76,63.6,0,0.0,false,
luna_sheet.png,0,0,idle,0,-,6,2,5,9,37,118,21,112,82,64.3,0,0.0,false,
luna_sheet.png,0,1,idle,0,-,7,14,7,8,39,119,23,101,81,63.5,1,0.8,false,
luna_sheet.png,0,2,idle,0,-,6,15,7,8,37,119,24,100,83,64.3,2,0.7,false,
luna_sheet.png,0,3,idle,0,-,6,1,6,8,38,119,24,115,82,66.2,1,1.9,false,
luna_sheet.png,1,0,walk,0,-,5,4,7,8,40,119,18,115,80,64.9,0,0.0,false,
luna_sheet.png,1,1,walk,0,-,5,2,6,8,41,119,20,119,79,65.7,1,0.8,false,
luna_sheet.png,1,2,walk,0,-,1,14,10,8,39,119,22,104,81,63.6,2,2.1,false,
luna_sheet.png,1,3,walk,0,-,5,3,5,8,40,119,21,114,80,64.5,1,0.9,false,
luna_sheet.png,1,4,walk,0,-,2,5,6,8,41,119,19,110,79,63.7,1,0.7,false,
luna_sheet.png,1,5,walk,0,-,3,4,5,8,41,119,20,111,79,63.8,0,0.0,false,
luna_sheet.png,2,0,jump,0,-,7,5,6,8,35,119,21,112,85,64.3,0,0.0,false,
luna_sheet.png,3,0,fall,0,-,5,2,7,8,39,119,17,110,81,63.8,0,0.0,false,
luna_sheet.png,4,0,attack,0,-,2,4,6,7,40,120,14,110,81,64.5,0,0.0,false,
luna_sheet.png,4,1,attack,0,-,6,13,5,7,45,120,21,114,76,64.4,5,0.1,false,
luna_sheet.png,4,2,attack,8,right@121,4,8,3,6,41,119,22,121,79,69.6,3,5.2,false,
luna_sheet.png,4,3,attack,4,right@122,4,3,5,4,42,120,18,123,79,66.1,0,3.5,false,
luna_sheet.png,5,0,shield,0,-,7,5,6,8,44,119,21,113,76,63.8,0,0.0,false,
luna_sheet.png,5,1,shield,0,-,6,14,5,8,37,119,16,109,83,65.0,7,1.3,false,
luna_sheet.png,5,2,shield,0,-,5,10,5,8,36,119,19,108,84,65.5,1,0.5,false,
luna_sheet.png,5,3,shield,0,-,7,15,7,8,37,119,19,106,83,64.6,1,0.9,false,
luna_sheet.png,5,4,shield,0,-,7,11,5,8,36,119,18,107,84,64.9,1,0.3,false,
luna_sheet.png,5,5,shield,0,-,9,3,2,8,39,119,21,111,81,63.5,3,1.3,false,
luna_sheet.png,6,0,hurt,0,-,5,3,6,8,39,119,26,109,81,63.5,0,0.0,false,
luna_brave_sheet.png,0,0,idle,0,-,4,6,2,8,37,119,16,110,83,63.9,0,0.0,false,
luna_brave_sheet.png,0,1,idle,0,-,4,4,3,8,38,119,19,110,82,65.2,1,1.3,false,
luna_brave_sheet.png,0,2,idle,0,-,11,15,4,8,38,119,23,106,82,64.2,0,1.0,false,
luna_brave_sheet.png,0,3,idle,0,-,13,10,5,8,38,119,22,107,82,63.6,0,0.6,false,
luna_brave_sheet.png,1,0,walk,7,bottom@121,4,5,1,6,42,121,20,113,80,64.7,0,0.0,false,
luna_brave_sheet.png,1,1,walk,3,bottom@121,3,6,2,6,41,121,20,112,81,64.8,1,0.1,false,
luna_brave_sheet.png,1,2,walk,0,-,3,6,3,7,42,120,21,111,79,64.7,2,0.2,false,
luna_brave_sheet.png,1,3,walk,0,-,8,10,4,7,42,120,22,108,79,63.8,0,0.8,false,
luna_brave_sheet.png,1,4,walk,0,-,1,4,4,7,42,120,20,109,79,63.9,0,0.1,false,
luna_brave_sheet.png,1,5,walk,0,-,4,8,3,7,42,120,21,104,79,63.7,0,0.2,false,
luna_brave_sheet.png,2,0,jump,0,-,12,7,7,7,39,120,22,102,82,63.9,0,0.0,false,
luna_brave_sheet.png,3,0,fall,0,-,7,13,1,7,36,120,21,105,85,63.6,0,0.0,false,
luna_brave_sheet.png,4,0,attack,0,-,3,11,5,8,43,119,20,109,77,64.5,0,0.0,false,
luna_brave_sheet.png,4,1,attack,0,-,7,3,4,7,45,120,20,104,76,64.2,1,0.3,false,
luna_brave_sheet.png,4,2,attack,0,-,6,6,3,7,47,120,25,107,74,65.3,2,1.2,false,
luna_brave_sheet.png,4,3,attack,0,-,2,18,9,7,41,120,14,116,80,68.7,6,3.3,false,box_right
luna_brave_sheet.png,5,0,shield,0,-,10,1,4,8,43,119,22,108,77,64.3,0,0.0,false,
luna_brave_sheet.png,5,1,shield,0,-,6,1,8,8,45,119,14,110,75,64.1,2,0.2,false,
luna_brave_sheet.png,5,2,shield,0,-,3,1,3,8,42,119,14,109,78,63.6,3,0.5,false,
luna_brave_sheet.png,5,3,shield,0,-,6,1,3,8,43,119,17,109,77,64.7,1,1.1,false,
luna_brave_sheet.png,5,4,shield,0,-,7,11,4,8,43,119,15,112,77,64.0,0,0.7,false,
luna_brave_sheet.png,5,5,shield,0,-,8,5,3,8,42,119,19,110,78,64.2,1,0.2,false,
luna_brave_sheet.png,6,0,hurt,0,-,12,9,8,7,52,120,23,104,69,64.3,0,0.0,false,
nova_male_sheet.png,0,0,idle,0,-,6,6,3,7,29,120,34,93,92,64.4,0,0.0,false,
nova_male_sheet.png,0,1,idle,0,-,5,6,2,7,29,120,33,93,92,63.8,0,0.6,false,
nova_male_sheet.png,0,2,idle,0,-,5,6,4,7,29,120,34,93,92,63.7,0,0.1,false,
nova_male_sheet.png,0,3,idle,0,-,12,6,2,7,29,120,33,93,92,64.4,0,0.7,false,
nova_male_sheet.png,1,0,walk,0,-,14,6,2,7,33,120,26,103,88,64.3,0,0.0,false,
nova_male_sheet.png,1,1,walk,0,-,1,6,2,7,33,120,18,104,88,64.5,0,0.1,false,
nova_male_sheet.png,1,2,walk,0,-,14,9,1,7,33,120,22,103,88,64.3,0,0.2,false,
nova_male_sheet.png,1,3,walk,0,-,6,5,2,7,35,120,20,106,86,63.8,2,0.5,false,
nova_male_sheet.png,1,4,walk,0,-,5,5,2,7,34,120,11,107,87,63.3,1,0.5,false,
nova_male_sheet.png,1,5,walk,0,-,6,12,2,7,33,120,15,106,88,63.0,1,0.3,false,
nova_male_sheet.png,2,0,jump,0,-,6,6,1,7,32,120,26,102,89,63.9,0,0.0,false,
nova_male_sheet.png,3,0,fall,0,-,15,6,4,7,18,120,32,97,103,64.1,0,0.0,false,
nova_male_sheet.png,4,0,attack,0,-,5,6,2,7,38,120,30,92,83,63.8,0,0.0,false,
nova_male_sheet.png,4,1,attack,0,-,8,5,2,7,38,120,21,106,83,63.9,0,0.1,false,
nova_male_sheet.png,4,2,attack,3,right@121,5,1,2,5,38,120,19,122,83,63.9,0,0.0,false,
nova_male_sheet.png,4,3,attack,0,-,5,6,2,7,38,120,21,98,83,64.1,0,0.2,false,
nova_male_sheet.png,5,0,shield,0,-,13,12,2,7,39,120,25,104,82,64.4,0,0.0,false,
nova_male_sheet.png,5,1,shield,0,-,17,6,3,7,39,120,25,105,82,64.3,0,0.0,false,box_left
nova_male_sheet.png,5,2,shield,0,-,10,17,2,7,39,120,25,104,82,64.4,0,0.0,false,box_right
nova_male_sheet.png,5,3,shield,0,-,13,24,3,7,39,120,22,105,82,63.9,0,0.5,false,box_right
nova_male_sheet.png,5,4,shield,0,-,17,20,3,7,39,120,25,104,82,63.9,0,0.0,false,box_left box_right
nova_male_sheet.png,5,5,shield,0,-,10,10,3,7,39,120,26,103,82,64.3,0,0.4,false,
nova_male_sheet.png,6,0,hurt,0,-,4,15,6,7,47,120,27,104,74,63.8,0,0.0,false,
nova_female_sheet.png,0,0,idle,0,-,5,7,6,7,31,120,30,93,90,64.1,0,0.0,false,
nova_female_sheet.png,0,1,idle,0,-,10,5,9,7,31,120,33,95,90,64.3,0,0.2,false,
nova_female_sheet.png,0,2,idle,0,-,9,5,7,7,31,120,32,94,90,63.7,0,0.6,false,
nova_female_sheet.png,0,3,idle,0,-,4,6,8,7,31,120,30,94,90,63.8,0,0.0,false,
nova_female_sheet.png,1,0,walk,0,-,6,5,8,7,34,120,28,103,87,64.3,0,0.0,false,
nova_female_sheet.png,1,1,walk,0,-,6,10,7,7,35,120,26,103,86,64.2,1,0.1,false,
nova_female_sheet.png,1,2,walk,0,-,7,9,7,7,36,120,24,103,85,64.4,1,0.2,false,
nova_female_sheet.png,1,3,walk,0,-,7,5,8,7,37,120,21,102,84,63.6,1,0.8,false,
nova_female_sheet.png,1,4,walk,0,-,9,11,9,7,35,120,19,105,86,63.9,2,0.3,false,
nova_female_sheet.png,1,5,walk,0,-,10,7,7,7,35,120,23,103,86,64.5,0,0.6,false,
nova_female_sheet.png,2,0,jump,0,-,25,5,6,7,28,120,29,104,93,64.1,0,0.0,false,box_left
nova_female_sheet.png,3,0,fall,0,-,10,5,8,7,34,120,30,97,87,64.5,0,0.0,false,
nova_female_sheet.png,4,0,attack,0,-,6,6,9,7,42,120,26,101,79,64.1,0,0.0,false,
nova_female_sheet.png,4,1,attack,0,-,3,23,8,7,42,120,22,104,79,64.3,0,0.2,false,box_right
nova_female_sheet.png,4,2,attack,3,right@121,23,1,8,5,42,120,16,122,79,64.5,0,0.1,false,box_left
nova_female_sheet.png,4,3,attack,0,-,5,7,8,7,42,120,27,101,79,63.6,0,0.9,false,
nova_female_sheet.png,5,0,shield,0,-,13,16,6,7,44,120,27,102,77,64.1,0,0.0,false,box_right
nova_female_sheet.png,5,1,shield,0,-,9,11,11,7,43,120,25,103,78,63.7,1,0.4,false,
nova_female_sheet.png,5,2,shield,0,-,4,18,10,7,44,120,24,103,77,64.1,1,0.4,false,box_right
nova_female_sheet.png,5,3,shield,0,-,17,23,7,7,43,120,24,103,78,63.8,1,0.3,false,box_left box_right
nova_female_sheet.png,5,4,shield,0,-,7,10,9,7,44,120,26,103,77,64.3,1,0.5,false,
nova_female_sheet.png,5,5,shield,0,-,7,8,9,7,43,120,26,100,78,63.1,1,1.2,false,
nova_female_sheet.png,6,0,hurt,0,-,4,4,8,7,48,120,25,110,73,65.1,0,0.0,false,
rio_male_sheet.png,0,0,idle,0,-,4,1,4,7,24,120,12,114,97,64.1,0,0.0,false,
rio_male_sheet.png,0,1,idle,0,-,6,1,6,7,25,120,14,115,96,64.1,1,0.1,false,
rio_male_sheet.png,0,2,idle,0,-,4,1,5,7,25,120,15,114,96,63.7,0,0.4,false,
rio_male_sheet.png,0,3,idle,0,-,5,1,4,7,25,120,16,115,96,64.4,0,0.6,false,
rio_male_sheet.png,1,0,walk,0,-,5,1,6,7,31,120,11,118,90,64.4,0,0.0,false,
rio_male_sheet.png,1,1,walk,0,-,6,2,7,7,31,120,9,119,90,64.4,0,0.0,false,
rio_male_sheet.png,1,2,walk,0,-,4,2,4,7,33,120,12,118,88,64.4,2,0.0,false,
rio_male_sheet.png,1,3,walk,0,-,5,1,1,7,32,120,13,115,89,63.6,1,0.8,false,
rio_male_sheet.png,1,4,walk,0,-,3,4,12,7,34,120,11,113,87,63.6,2,0.0,false,
rio_male_sheet.png,1,5,walk,0,-,5,1,5,7,31,120,13,114,90,64.0,3,0.4,false,
rio_male_sheet.png,2,0,jump,5,right@123,3,5,5,4,33,120,12,123,88,64.3,0,0.0,false,
rio_male_sheet.png,3,0,fall,0,-,3,1,7,7,15,120,17,109,106,64.3,0,0.0,false,
rio_male_sheet.png,4,0,attack,0,-,4,2,2,7,47,120,29,93,74,63.5,0,0.0,false,
rio_male_sheet.png,4,1,attack,10,right@122,1,5,1,4,33,120,4,123,88,64.7,14,1.2,false,cut
rio_male_sheet.png,4,2,attack,4,left@6,2,1,4,5,41,120,5,122,80,63.2,8,1.5,false,
rio_male_sheet.png,4,3,attack,15,bottom@123,2,2,5,4,51,123,4,123,73,54.7,7,8.5,false,cut
rio_male_sheet.png,5,0,shield,5,left@5,3,1,5,4,26,119,4,119,94,63.2,0,0.0,false,
rio_male_sheet.png,5,1,shield,4,left@6,4,4,2,6,35,119,6,114,85,65.4,9,2.2,false,
rio_male_sheet.png,5,2,shield,0,-,6,2,3,7,36,120,8,111,85,65.1,0,0.3,false,
rio_male_sheet.png,5,3,shield,0,-,4,5,4,7,36,120,8,108,85,64.1,0,1.0,false,
rio_male_sheet.png,5,4,shield,6,left@4,6,6,4,4,29,120,4,113,92,63.8,7,0.3,false,
rio_male_sheet.png,5,5,shield,7,left@4,7,3,4,4,25,120,4,116,96,63.9,4,0.1,false,
rio_male_sheet.png,6,0,hurt,0,-,10,2,9,8,31,119,11,119,89,64.4,0,0.0,false,
rio_female_sheet.png,0,0,idle,0,-,5,1,7,7,26,120,17,115,95,63.9,0,0.0,false,
rio_female_sheet.png,0,1,idle,1,right@121,7,1,9,6,27,120,18,121,94,63.6,1,0.3,false,
rio_female_sheet.png,0,2,idle,1,right@121,7,1,5,6,27,120,19,121,94,64.3,0,0.7,false,
rio_female_sheet.png,0,3,idle,1,right@122,7,1,6,5,27,120,17,122,94,63.9,0,0.3,false,
rio_female_sheet.png,1,0,walk,1,right@121,8,1,8,6,34,120,16,121,87,63.9,0,0.0,false,
rio_female_sheet.png,1,1,walk,0,-,8,1,7,7,34,120,17,117,87,63.6,0,0.3,false,
rio_female_sheet.png,1,2,walk,0,-,2,5,9,7,34,120,16,112,87,64.2,0,0.6,false,
rio_female_sheet.png,1,3,walk,0,-,5,12,5,7,34,120,21,105,87,64.3,0,0.1,false,
rio_female_sheet.png,1,4,walk,0,-,6,13,9,7,37,120,19,105,84,64.1,3,0.2,false,
rio_female_sheet.png,1,5,walk,0,-,7,1,7,7,35,120,18,109,86,64.2,2,0.1,false,
rio_female_sheet.png,2,0,jump,4,right@122,7,2,2,4,48,120,20,123,73,64.0,0,0.0,false,
rio_female_sheet.png,3,0,fall,0,-,4,9,3,7,36,120,16,114,85,64.0,0,0.0,false,
rio_female_sheet.png,4,0,attack,0,-,5,5,16,7,26,120,25,97,95,63.6,0,0.0,false,box_top
rio_female_sheet.png,4,1,attack,0,-,37,3,2,7,34,120,21,116,87,64.2,8,0.5,false,box_left
rio_female_sheet.png,4,2,attack,0,-,36,1,4,7,37,120,19,119,84,63.9,3,0.3,false,box_left
rio_female_sheet.png,4,3,attack,14,bottom@122,9,3,7,4,44,123,7,123,80,58.5,4,5.4,false,cut
rio_female_sheet.png,5,0,shield,0,-,2,1,8,7,28,120,9,117,93,64.0,0,0.0,false,
rio_female_sheet.png,5,1,shield,0,-,8,38,4,7,26,120,8,114,95,63.7,2,0.3,false,box_right
rio_female_sheet.png,5,2,shield,0,-,3,52,8,7,28,120,9,111,93,63.5,2,0.2,false,box_right
rio_female_sheet.png,5,3,shield,0,-,5,41,5,7,27,120,9,111,94,64.0,1,0.5,false,box_right
rio_female_sheet.png,5,4,shield,0,-,7,31,5,7,26,120,10,113,95,64.1,1,0.1,false,box_right
rio_female_sheet.png,5,5,shield,0,-,2,4,9,7,28,120,10,113,93,64.4,2,0.3,false,
rio_female_sheet.png,6,0,hurt,0,-,9,4,7,7,27,120,20,107,94,64.2,0,0.0,false,
